{
	"file_path": "C:\\Users\\jesse\\AppData\\Local\\Packages\\Microsoft.MinecraftUWP_8wekyb3d8bbwe\\LocalState\\games\\com.mojang\\development_behavior_packs\\Hardcore Mode Behaviour\\entities\\player.json",
	"file_type": "entity",
	"format_version": 1,
	"file_uuid": "af4d8682_8117_4e07_a659_0e48ed7ca6c6",
	"file_version": 0,
	"cache_content": {
		"children": [
			{
				"data": "1.16.0",
				"key": "format_version"
			},
			{
				"key": "minecraft:entity",
				"children": [
					{
						"open": {
							"description": {
								"identifier": "minecraft:player",
								"is_spawnable": false,
								"is_summonable": false,
								"is_experimental": false,
								"scripts": {
									"animate": [
										{
											"compass": "query.get_equipped_item_name == 'compass'"
										},
										{
											"milk_bucket": "query.get_equipped_item_name == 'milk_bucket'"
										},
										{
											"feather": "query.get_equipped_item_name == 'feather'"
										},
										"bridge_execute_commands",
										{
											"carrot": "query.get_equipped_item_name == 'golden_carrot'"
										},
										{
											"elytra": "query.get_equipped_item_name == 'elytra'"
										}
									]
								},
								"animations": {
									"compass": "animation.compass",
									"milk_bucket": "animation.milk_bucket",
									"feather": "animation.feather",
									"bridge_execute_commands": "controller.animation.bridge_player.execute_commands",
									"carrot": "animation.carrot",
									"elytra": "animation.elytra"
								}
							},
							"component_groups": {
								"minecraft:add_bad_omen": {
									"minecraft:spell_effects": {
										"add_effects": [
											{
												"effect": "bad_omen",
												"duration": 6000,
												"display_on_screen_animation": true
											}
										]
									},
									"minecraft:timer": {
										"time": [
											0,
											0
										],
										"looping": false,
										"time_down_event": {
											"event": "minecraft:clear_add_bad_omen",
											"target": "self"
										}
									}
								},
								"minecraft:clear_bad_omen_spell_effect": {
									"minecraft:spell_effects": {}
								},
								"minecraft:raid_trigger": {
									"minecraft:raid_trigger": {
										"triggered_event": {
											"event": "minecraft:remove_raid_trigger",
											"target": "self"
										}
									},
									"minecraft:spell_effects": {
										"remove_effects": "bad_omen"
									}
								},
								"bridge:execute_command_id_1": {
									"minecraft:skin_id": {
										"value": 1
									}
								},
								"bridge:execute_no_command": {
									"minecraft:skin_id": {
										"value": 0
									}
								},
								"bridge:execute_command_id_2": {
									"minecraft:skin_id": {
										"value": 2
									}
								}
							},
							"components": {
								"minecraft:experience_reward": {
									"on_death": "Math.Min(query.player_level * 7, 100)"
								},
								"minecraft:type_family": {
									"family": [
										"player"
									]
								},
								"minecraft:is_hidden_when_invisible": {},
								"minecraft:loot": {
									"table": "loot_tables/empty.json"
								},
								"minecraft:collision_box": {
									"width": 0.6,
									"height": 1.8
								},
								"minecraft:can_climb": {},
								"minecraft:movement": {
									"value": 0.1
								},
								"minecraft:hurt_on_condition": {
									"damage_conditions": [
										{
											"filters": {
												"test": "in_lava",
												"subject": "self",
												"operator": "==",
												"value": true
											},
											"cause": "lava",
											"damage_per_tick": 4
										}
									]
								},
								"minecraft:attack": {
									"damage": 1
								},
								"minecraft:player.saturation": {
									"value": 20
								},
								"minecraft:player.exhaustion": {
									"value": 0,
									"max": 4
								},
								"minecraft:player.level": {
									"value": 0,
									"max": 24791
								},
								"minecraft:player.experience": {
									"value": 0,
									"max": 1
								},
								"minecraft:breathable": {
									"total_supply": 15,
									"suffocate_time": -1,
									"inhale_time": 3.75,
									"generates_bubbles": false
								},
								"minecraft:nameable": {
									"always_show": true,
									"allow_name_tag_renaming": false
								},
								"minecraft:physics": {},
								"minecraft:pushable": {
									"is_pushable": false,
									"is_pushable_by_piston": true
								},
								"minecraft:insomnia": {
									"days_until_insomnia": 3
								},
								"minecraft:rideable": {
									"seat_count": 2,
									"family_types": [
										"parrot_tame"
									],
									"pull_in_entities": true,
									"seats": [
										{
											"position": [
												0.4,
												-0.2,
												-0.1
											],
											"min_rider_count": 0,
											"max_rider_count": 0,
											"lock_rider_rotation": 0
										},
										{
											"position": [
												-0.4,
												-0.2,
												-0.1
											],
											"min_rider_count": 1,
											"max_rider_count": 2,
											"lock_rider_rotation": 0
										}
									]
								},
								"minecraft:conditional_bandwidth_optimization": {},
								"minecraft:scaffolding_climber": {},
								"minecraft:environment_sensor": {
									"triggers": [
										{
											"filters": {
												"all_of": [
													{
														"test": "has_mob_effect",
														"value": "bad_omen"
													},
													{
														"test": "is_in_village"
													}
												]
											},
											"event": "minecraft:trigger_raid"
										},
										{
											"filters": {
												"test": "has_equipment",
												"domain": "hand",
												"value": "minecraft:potion:6"
											},
											"event": "minecraft:potion"
										}
									]
								},
								"minecraft:on_death": {
									"event": "minecraft:hm"
								}
							},
							"events": {
								"minecraft:gain_bad_omen": {
									"add": {
										"component_groups": [
											"minecraft:add_bad_omen"
										]
									}
								},
								"minecraft:clear_add_bad_omen": {
									"remove": {
										"component_groups": [
											"minecraft:add_bad_omen"
										]
									},
									"add": {
										"component_groups": [
											"minecraft:clear_bad_omen_spell_effect"
										]
									}
								},
								"minecraft:trigger_raid": {
									"add": {
										"component_groups": [
											"minecraft:raid_trigger"
										]
									}
								},
								"minecraft:remove_raid_trigger": {
									"remove": {
										"component_groups": [
											"minecraft:raid_trigger"
										]
									}
								},
								"minecraft:hm": {
									"add": {
										"component_groups": [
											"bridge:execute_command_id_1"
										]
									}
								},
								"minecraft:potion": {
									"add": {
										"component_groups": [
											"bridge:execute_command_id_2"
										]
									}
								},
								"bridge:remove_command_id_1": {
									"add": {
										"component_groups": [
											"bridge:execute_no_command"
										]
									},
									"remove": {
										"component_groups": [
											"bridge:execute_command_id_1"
										]
									}
								},
								"bridge:remove_command_id_2": {
									"add": {
										"component_groups": [
											"bridge:execute_no_command"
										]
									},
									"remove": {
										"component_groups": [
											"bridge:execute_command_id_2"
										]
									}
								}
							}
						},
						"key": "description",
						"children": [
							{
								"data": "minecraft:player",
								"key": "identifier"
							},
							{
								"data": "false",
								"key": "is_spawnable"
							},
							{
								"data": "false",
								"key": "is_summonable"
							},
							{
								"data": "false",
								"key": "is_experimental"
							},
							{
								"key": "scripts",
								"children": [
									{
										"open": {
											"animate": [
												{
													"compass": "query.get_equipped_item_name == 'compass'"
												},
												{
													"milk_bucket": "query.get_equipped_item_name == 'milk_bucket'"
												},
												{
													"feather": "query.get_equipped_item_name == 'feather'"
												},
												"bridge_execute_commands",
												{
													"carrot": "query.get_equipped_item_name == 'golden_carrot'"
												},
												{
													"elytra": "query.get_equipped_item_name == 'elytra'"
												}
											]
										},
										"key": "animate",
										"is_minified": true,
										"children": [
											{
												"compass": "query.get_equipped_item_name == 'compass'"
											},
											{
												"milk_bucket": "query.get_equipped_item_name == 'milk_bucket'"
											},
											{
												"feather": "query.get_equipped_item_name == 'feather'"
											},
											"bridge_execute_commands",
											{
												"carrot": "query.get_equipped_item_name == 'golden_carrot'"
											},
											{
												"elytra": "query.get_equipped_item_name == 'elytra'"
											}
										]
									}
								]
							},
							{
								"key": "animations",
								"is_minified": true,
								"children": {
									"compass": "animation.compass",
									"milk_bucket": "animation.milk_bucket",
									"feather": "animation.feather",
									"bridge_execute_commands": "controller.animation.bridge_player.execute_commands",
									"carrot": "animation.carrot",
									"elytra": "animation.elytra"
								}
							}
						]
					},
					{
						"key": "component_groups",
						"is_minified": true,
						"children": {
							"minecraft:add_bad_omen": {
								"minecraft:spell_effects": {
									"add_effects": [
										{
											"effect": "bad_omen",
											"duration": 6000,
											"display_on_screen_animation": true
										}
									]
								},
								"minecraft:timer": {
									"time": [
										0,
										0
									],
									"looping": false,
									"time_down_event": {
										"event": "minecraft:clear_add_bad_omen",
										"target": "self"
									}
								}
							},
							"minecraft:clear_bad_omen_spell_effect": {
								"minecraft:spell_effects": {}
							},
							"minecraft:raid_trigger": {
								"minecraft:raid_trigger": {
									"triggered_event": {
										"event": "minecraft:remove_raid_trigger",
										"target": "self"
									}
								},
								"minecraft:spell_effects": {
									"remove_effects": "bad_omen"
								}
							},
							"bridge:execute_command_id_1": {
								"minecraft:skin_id": {
									"value": 1
								}
							},
							"bridge:execute_no_command": {
								"minecraft:skin_id": {
									"value": 0
								}
							},
							"bridge:execute_command_id_2": {
								"minecraft:skin_id": {
									"value": 2
								}
							}
						}
					},
					{
						"key": "components",
						"children": [
							{
								"key": "minecraft:experience_reward",
								"is_minified": true,
								"children": {
									"on_death": "Math.Min(query.player_level * 7, 100)"
								}
							},
							{
								"key": "minecraft:type_family",
								"is_minified": true,
								"children": {
									"family": [
										"player"
									]
								}
							},
							{
								"key": "minecraft:is_hidden_when_invisible",
								"is_minified": true,
								"children": {}
							},
							{
								"key": "minecraft:loot",
								"is_minified": true,
								"children": {
									"table": "loot_tables/empty.json"
								}
							},
							{
								"key": "minecraft:collision_box",
								"is_minified": true,
								"children": {
									"width": 0.6,
									"height": 1.8
								}
							},
							{
								"key": "minecraft:can_climb",
								"is_minified": true,
								"children": {}
							},
							{
								"key": "minecraft:movement",
								"is_minified": true,
								"children": {
									"value": 0.1
								}
							},
							{
								"key": "minecraft:hurt_on_condition",
								"is_minified": true,
								"children": {
									"damage_conditions": [
										{
											"filters": {
												"test": "in_lava",
												"subject": "self",
												"operator": "==",
												"value": true
											},
											"cause": "lava",
											"damage_per_tick": 4
										}
									]
								}
							},
							{
								"key": "minecraft:attack",
								"is_minified": true,
								"children": {
									"damage": 1
								}
							},
							{
								"key": "minecraft:player.saturation",
								"is_minified": true,
								"children": {
									"value": 20
								}
							},
							{
								"key": "minecraft:player.exhaustion",
								"is_minified": true,
								"children": {
									"value": 0,
									"max": 4
								}
							},
							{
								"key": "minecraft:player.level",
								"is_minified": true,
								"children": {
									"value": 0,
									"max": 24791
								}
							},
							{
								"key": "minecraft:player.experience",
								"is_minified": true,
								"children": {
									"value": 0,
									"max": 1
								}
							},
							{
								"key": "minecraft:breathable",
								"is_minified": true,
								"children": {
									"total_supply": 15,
									"suffocate_time": -1,
									"inhale_time": 3.75,
									"generates_bubbles": false
								}
							},
							{
								"key": "minecraft:nameable",
								"is_minified": true,
								"children": {
									"always_show": true,
									"allow_name_tag_renaming": false
								}
							},
							{
								"key": "minecraft:physics",
								"is_minified": true,
								"children": {}
							},
							{
								"key": "minecraft:pushable",
								"is_minified": true,
								"children": {
									"is_pushable": false,
									"is_pushable_by_piston": true
								}
							},
							{
								"key": "minecraft:insomnia",
								"is_minified": true,
								"children": {
									"days_until_insomnia": 3
								}
							},
							{
								"key": "minecraft:rideable",
								"is_minified": true,
								"children": {
									"seat_count": 2,
									"family_types": [
										"parrot_tame"
									],
									"pull_in_entities": true,
									"seats": [
										{
											"position": [
												0.4,
												-0.2,
												-0.1
											],
											"min_rider_count": 0,
											"max_rider_count": 0,
											"lock_rider_rotation": 0
										},
										{
											"position": [
												-0.4,
												-0.2,
												-0.1
											],
											"min_rider_count": 1,
											"max_rider_count": 2,
											"lock_rider_rotation": 0
										}
									]
								}
							},
							{
								"key": "minecraft:conditional_bandwidth_optimization",
								"is_minified": true,
								"children": {}
							},
							{
								"key": "minecraft:scaffolding_climber",
								"is_minified": true,
								"children": {}
							},
							{
								"key": "minecraft:environment_sensor",
								"is_minified": true,
								"children": {
									"triggers": [
										{
											"filters": {
												"all_of": [
													{
														"test": "has_mob_effect",
														"value": "bad_omen"
													},
													{
														"test": "is_in_village"
													}
												]
											},
											"event": "minecraft:trigger_raid"
										},
										{
											"filters": {
												"test": "has_equipment",
												"domain": "hand",
												"value": "minecraft:potion:6"
											},
											"event": "minecraft:potion"
										}
									]
								}
							},
							{
								"open": {
									"minecraft:experience_reward": {
										"on_death": "Math.Min(query.player_level * 7, 100)"
									},
									"minecraft:type_family": {
										"family": [
											"player"
										]
									},
									"minecraft:is_hidden_when_invisible": {},
									"minecraft:loot": {
										"table": "loot_tables/empty.json"
									},
									"minecraft:collision_box": {
										"width": 0.6,
										"height": 1.8
									},
									"minecraft:can_climb": {},
									"minecraft:movement": {
										"value": 0.1
									},
									"minecraft:hurt_on_condition": {
										"damage_conditions": [
											{
												"filters": {
													"test": "in_lava",
													"subject": "self",
													"operator": "==",
													"value": true
												},
												"cause": "lava",
												"damage_per_tick": 4
											}
										]
									},
									"minecraft:attack": {
										"damage": 1
									},
									"minecraft:player.saturation": {
										"value": 20
									},
									"minecraft:player.exhaustion": {
										"value": 0,
										"max": 4
									},
									"minecraft:player.level": {
										"value": 0,
										"max": 24791
									},
									"minecraft:player.experience": {
										"value": 0,
										"max": 1
									},
									"minecraft:breathable": {
										"total_supply": 15,
										"suffocate_time": -1,
										"inhale_time": 3.75,
										"generates_bubbles": false
									},
									"minecraft:nameable": {
										"always_show": true,
										"allow_name_tag_renaming": false
									},
									"minecraft:physics": {},
									"minecraft:pushable": {
										"is_pushable": false,
										"is_pushable_by_piston": true
									},
									"minecraft:insomnia": {
										"days_until_insomnia": 3
									},
									"minecraft:rideable": {
										"seat_count": 2,
										"family_types": [
											"parrot_tame"
										],
										"pull_in_entities": true,
										"seats": [
											{
												"position": [
													0.4,
													-0.2,
													-0.1
												],
												"min_rider_count": 0,
												"max_rider_count": 0,
												"lock_rider_rotation": 0
											},
											{
												"position": [
													-0.4,
													-0.2,
													-0.1
												],
												"min_rider_count": 1,
												"max_rider_count": 2,
												"lock_rider_rotation": 0
											}
										]
									},
									"minecraft:conditional_bandwidth_optimization": {},
									"minecraft:scaffolding_climber": {},
									"minecraft:environment_sensor": {
										"triggers": [
											{
												"filters": {
													"all_of": [
														{
															"test": "has_mob_effect",
															"value": "bad_omen"
														},
														{
															"test": "is_in_village"
														}
													]
												},
												"event": "minecraft:trigger_raid"
											},
											{
												"filters": {
													"test": "has_equipment",
													"domain": "hand",
													"value": "minecraft:potion:6"
												},
												"event": "minecraft:potion"
											}
										]
									},
									"minecraft:on_death": {
										"event": "minecraft:hm"
									}
								},
								"key": "minecraft:on_death",
								"is_minified": true,
								"children": {
									"event": "minecraft:hm"
								}
							}
						]
					},
					{
						"key": "events",
						"is_minified": true,
						"children": {
							"minecraft:gain_bad_omen": {
								"add": {
									"component_groups": [
										"minecraft:add_bad_omen"
									]
								}
							},
							"minecraft:clear_add_bad_omen": {
								"remove": {
									"component_groups": [
										"minecraft:add_bad_omen"
									]
								},
								"add": {
									"component_groups": [
										"minecraft:clear_bad_omen_spell_effect"
									]
								}
							},
							"minecraft:trigger_raid": {
								"add": {
									"component_groups": [
										"minecraft:raid_trigger"
									]
								}
							},
							"minecraft:remove_raid_trigger": {
								"remove": {
									"component_groups": [
										"minecraft:raid_trigger"
									]
								}
							},
							"minecraft:hm": {
								"add": {
									"component_groups": [
										"bridge:execute_command_id_1"
									]
								}
							},
							"minecraft:potion": {
								"add": {
									"component_groups": [
										"bridge:execute_command_id_2"
									]
								}
							},
							"bridge:remove_command_id_1": {
								"add": {
									"component_groups": [
										"bridge:execute_no_command"
									]
								},
								"remove": {
									"component_groups": [
										"bridge:execute_command_id_1"
									]
								}
							},
							"bridge:remove_command_id_2": {
								"add": {
									"component_groups": [
										"bridge:execute_no_command"
									]
								},
								"remove": {
									"component_groups": [
										"bridge:execute_command_id_2"
									]
								}
							}
						}
					}
				]
			}
		]
	}
}