{
	"format_version": "1.8.0",
	"animations": {
		"animation.compass": {
			"loop": true,
			"animation_length": 2.5,
			"timeline": {
				"0.25": [
					"/function hm-compass"
				]
			}
		},
		"animation.milk_bucket": {
			"loop": true,
			"animation_length": 2.5,
			"timeline": {
				"0.25": [
					"/function hm-milk"
				]
			}
		},
		"animation.feather": {
			"loop": true,
			"animation_length": 2.5,
			"timeline": {
				"0.25": [
					"/function hm-feather"
				]
			}
		},
		"animation.carrot": {
			"loop": true,
			"animation_length": 2.5,
			"timeline": {
				"0.25": [
					"/function hm-carrot"
				]
			}
		},
		"animation.elytra": {
			"loop": true,
			"animation_length": 2.5,
			"timeline": {
				"0.25": [
					"/function hm-elytra"
				]
			}
		}
	}
}