{
	"file_path": "C:\\Users\\jesse\\AppData\\Local\\Packages\\Microsoft.MinecraftUWP_8wekyb3d8bbwe\\LocalState\\games\\com.mojang\\development_behavior_packs\\Hardcore Mode Behaviour\\animations\\player.json",
	"file_type": "animation",
	"format_version": 1,
	"file_uuid": "44edbfd3_a05b_4204_beec_c199eff66025",
	"file_version": 0,
	"cache_content": {
		"children": [
			{
				"data": "1.8.0",
				"key": "format_version"
			},
			{
				"open": {
					"format_version": "1.8.0",
					"animations": {
						"animation.compass": {
							"loop": true,
							"animation_length": 2.5,
							"timeline": {
								"0.25": [
									"/function hm-compass"
								]
							}
						},
						"animation.milk_bucket": {
							"loop": true,
							"animation_length": 2.5,
							"timeline": {
								"0.25": [
									"/function hm-milk"
								]
							}
						},
						"animation.feather": {
							"loop": true,
							"animation_length": 2.5,
							"timeline": {
								"0.25": [
									"/function hm-feather"
								]
							}
						},
						"animation.carrot": {
							"loop": true,
							"animation_length": 2.5,
							"timeline": {
								"0.25": [
									"/function hm-carrot"
								]
							}
						},
						"animation.elytra": {
							"loop": true,
							"animation_length": 2.5,
							"timeline": {
								"0.25": [
									"/function hm-elytra"
								]
							}
						}
					}
				},
				"key": "animations",
				"children": [
					{
						"key": "animation.compass",
						"is_minified": true,
						"children": {
							"loop": true,
							"animation_length": 2.5,
							"timeline": {
								"0.25": [
									"/function hm-compass"
								]
							}
						}
					},
					{
						"key": "animation.milk_bucket",
						"is_minified": true,
						"children": {
							"loop": true,
							"animation_length": 2.5,
							"timeline": {
								"0.25": [
									"/function hm-milk"
								]
							}
						}
					},
					{
						"key": "animation.feather",
						"is_minified": true,
						"children": {
							"loop": true,
							"animation_length": 2.5,
							"timeline": {
								"0.25": [
									"/function hm-feather"
								]
							}
						}
					},
					{
						"key": "animation.carrot",
						"is_minified": true,
						"children": {
							"loop": true,
							"animation_length": 2.5,
							"timeline": {
								"0.25": [
									"/function hm-carrot"
								]
							}
						}
					},
					{
						"key": "animation.elytra",
						"children": [
							{
								"data": "true",
								"key": "loop"
							},
							{
								"data": "2.5",
								"key": "animation_length"
							},
							{
								"open": {
									"loop": true,
									"animation_length": 2.5,
									"timeline": {
										"0.25": [
											"/function hm-elytra"
										]
									}
								},
								"key": "timeline",
								"children": [
									{
										"open": {
											"0.25": [
												"/function hm-elytra"
											]
										},
										"key": "0.25",
										"is_minified": true,
										"children": [
											"/function hm-elytra"
										]
									}
								]
							}
						]
					}
				]
			}
		]
	}
}